BestellNr;KundenNr;ProduktCode;Menge;Betrag_EUR;Bestelldatum
ORD-5001;C1002;P01;5;4.450,00;08.04.2026
ORD-5002;C1002;P05;2;640,00;14.10.2026
ORD-5003;;P02;4;5.000,00;20.09.2026
ORD-5004;C1004;P05;7;2.240,00;15.04.2026
ORD-5005;C1001;P02;7;8.750,00;09.06.2026
ORD-5006;C1006;P01;2;1.780,00;04.07.2026
ORD-5007;C1006;P05;5;1.600,00;24.01.2026
ORD-5008;C1002;P04;2;6.400,00;10.09.2026
ORD-5009;C1010;P03;4;1.800,00;03.12.2026
ORD-5010;C1004;P03;2;900,00;28.04.2026
ORD-5011;C1005;P04;6;19.200,00;12.03.2026
ORD-5012;C1005;P01;3;2.670,00;24.09.2026
ORD-5013;C1008;P04;5;16.000,00;23.11.2026
ORD-5014;C1006;P01;4;3.560,00;26.01.2026
ORD-5015;C1005;P01;4;3.560,00;23.10.2026
ORD-5016;C1008;P04;8;25.600,00;09.03.2026
ORD-5017;C1009;P05;5;1.600,00;19.12.2026
ORD-5018;C1010;P04;6;19.200,00;05.04.2026
ORD-5019;C1002;P01;2;1.780,00;21.03.2026
ORD-5020;C1007;P05;2;640,00;13.07.2026
ORD-5021;C1008;P05;5;1.600,00;28.09.2026
ORD-5022;C1002;P05;5;1.600,00;11.11.2026
ORD-5023;C1007;P02;8;10.000,00;24.01.2026
ORD-5024;C1005;P05;3;960,00;04.09.2026
ORD-5025;C1005;P05;4;1.280,00;12.03.2026
ORD-5026;C1009;P05;1;320,00;11.10.2026
ORD-5027;C1002;P03;5;2.250,00;02.04.2026
ORD-5028;C1010;P01;2;1.780,00;16.12.2026
ORD-5029;C1009;P02;3;3.750,00;16.11.2026
ORD-5030;C1003;P03;7;3.150,00;18.04.2026
ORD-5031;C1004;P03;7;3.150,00;21.11.2026
ORD-5032;C1009;P04;2;6.400,00;08.04.2026
ORD-5033;;P05;4;1.280,00;08.10.2026
ORD-5034;C1001;P02;2;2.500,00;28.01.2026
ORD-5035;C1009;P02;5;6.250,00;16.11.2026
ORD-5036;C1003;P05;8;2.560,00;26.04.2026
ORD-5037;C1007;P02;2;2.500,00;22.02.2026
ORD-5038;C1007;P04;8;25.600,00;02.12.2026
ORD-5039;C1002;P01;7;6.230,00;11.12.2026
ORD-5040;C1002;P02;4;5.000,00;18.04.2026
ORD-5041;C1007;P02;5;6.250,00;08.08.2026
ORD-5042;C1002;P04;2;6.400,00;21.01.2026
ORD-5043;C1001;P01;4;3.560,00;14.03.2026
ORD-5044;;P04;1;3.200,00;13.03.2026
ORD-5045;C1007;P03;8;3.600,00;14.05.2026
ORD-5046;C1009;P04;3;9.600,00;10.04.2026
ORD-5047;C1001;P05;1;320,00;11.12.2026
ORD-5048;C1010;P04;3;9.600,00;17.01.2026
ORD-5049;C1003;P01;2;1.780,00;28.11.2026
ORD-5050;C1002;P05;4;1.280,00;20.10.2026
ORD-5051;C1002;P04;6;19.200,00;07.05.2026
ORD-5052;C1006;P02;5;6.250,00;05.07.2026
ORD-5053;C1005;P04;6;19.200,00;01.02.2026
ORD-5054;C1010;P01;2;1.780,00;07.09.2026
ORD-5055;C1003;P03;2;900,00;12.04.2026
ORD-5056;C1008;P05;5;1.600,00;26.10.2026
ORD-5057;C1001;P05;5;1.600,00;04.11.2026
ORD-5058;C1003;P03;2;900,00;24.02.2026
ORD-5059;C1005;P03;4;1.800,00;11.12.2026
ORD-5060;C1005;P05;8;2.560,00;28.05.2026
ORD-5061;C1007;P03;1;450,00;11.01.2026
ORD-5062;C1005;P02;8;10.000,00;23.09.2026
ORD-5063;C1001;P01;2;1.780,00;05.12.2026
ORD-5064;C1006;P05;3;960,00;05.07.2026
ORD-5065;C1006;P01;6;5.340,00;22.04.2026
ORD-5066;C1002;P03;7;3.150,00;24.10.2026
ORD-5067;C1004;P02;3;3.750,00;01.07.2026
ORD-5068;C1006;P04;4;12.800,00;06.05.2026
ORD-5069;C1002;P04;1;3.200,00;08.08.2026
ORD-5070;;P03;5;2.250,00;08.04.2026
ORD-5071;C1004;P04;6;19.200,00;28.05.2026
ORD-5072;C1005;P03;7;3.150,00;27.11.2026
ORD-5073;C1001;P01;5;4.450,00;19.03.2026
ORD-5074;C1005;P01;2;1.780,00;14.10.2026
ORD-5075;C1006;P04;2;6.400,00;19.07.2026
ORD-5076;C1001;P04;1;3.200,00;26.09.2026
ORD-5077;C1004;P03;7;3.150,00;22.02.2026
ORD-5078;C1010;P03;2;900,00;10.12.2026
ORD-5079;C1007;P03;7;3.150,00;10.12.2026
ORD-5080;C1004;P04;7;22.400,00;24.11.2026
ORD-5081;C1010;P05;5;1.600,00;18.07.2026
ORD-5082;C1005;P03;4;1.800,00;26.07.2026
ORD-5083;C1006;P04;8;25.600,00;22.08.2026
ORD-5084;C1008;P02;2;2.500,00;17.05.2026
ORD-5085;C1010;P03;2;900,00;22.04.2026
ORD-5086;C1004;P02;1;1.250,00;08.01.2026
ORD-5087;C1010;P01;8;7.120,00;21.07.2026
ORD-5088;C1007;P04;7;22.400,00;05.04.2026
ORD-5089;C1001;P01;7;6.230,00;06.04.2026
ORD-5090;C1009;P04;1;3.200,00;08.09.2026
ORD-5091;C1002;P04;3;9.600,00;22.08.2026
ORD-5092;C1009;P05;6;1.920,00;20.08.2026
ORD-5093;C1009;P04;8;25.600,00;24.03.2026
ORD-5094;C1008;P03;4;1.800,00;09.11.2026
ORD-5095;C1009;P04;4;12.800,00;15.05.2026
ORD-5096;C1005;P02;5;6.250,00;11.06.2026
ORD-5097;C1002;P02;3;3.750,00;13.04.2026
ORD-5098;C1004;P01;7;6.230,00;11.07.2026
ORD-5099;C1007;P01;4;3.560,00;13.07.2026
ORD-5100;C1010;P01;7;6.230,00;01.08.2026
ORD-5101;C1005;P04;7;22.400,00;24.09.2026
ORD-5102;C1010;P02;8;10.000,00;09.04.2026
ORD-5103;C1001;P04;6;19.200,00;22.11.2026
ORD-5104;;P04;3;9.600,00;18.10.2026
ORD-5105;C1007;P05;1;320,00;21.02.2026
ORD-5106;C1008;P02;1;1.250,00;13.05.2026
ORD-5107;C1008;P03;6;2.700,00;09.07.2026
ORD-5108;C1007;P03;2;900,00;01.08.2026
ORD-5109;C1001;P03;4;1.800,00;03.11.2026
ORD-5110;;P01;4;3.560,00;27.04.2026
ORD-5111;C1003;P02;3;3.750,00;22.08.2026
ORD-5112;C1004;P04;5;16.000,00;06.06.2026
ORD-5113;;P02;5;6.250,00;19.02.2026
ORD-5114;C1005;P05;7;2.240,00;23.07.2026
ORD-5115;C1010;P02;2;2.500,00;25.12.2026
ORD-5116;C1010;P01;1;890,00;18.06.2026
ORD-5117;C1006;P01;6;5.340,00;28.01.2026
ORD-5118;C1008;P01;7;6.230,00;21.06.2026
ORD-5119;C1008;P02;7;8.750,00;24.03.2026
ORD-5120;C1005;P05;8;2.560,00;14.08.2026
ORD-5121;C1010;P03;6;2.700,00;27.04.2026
ORD-5122;C1005;P04;4;12.800,00;19.08.2026
ORD-5123;C1007;P03;1;450,00;28.08.2026
ORD-5124;C1008;P02;6;7.500,00;11.05.2026
ORD-5125;C1010;P03;1;450,00;07.09.2026
ORD-5126;C1007;P04;4;12.800,00;16.12.2026
ORD-5127;C1008;P04;1;3.200,00;10.02.2026
ORD-5128;C1004;P03;6;2.700,00;18.08.2026
ORD-5129;C1007;P05;6;1.920,00;23.06.2026
ORD-5130;C1005;P03;4;1.800,00;24.02.2026
ORD-5131;C1002;P05;3;960,00;07.04.2026
ORD-5132;C1005;P05;5;1.600,00;27.02.2026
ORD-5133;C1004;P03;3;1.350,00;01.05.2026
ORD-5134;C1003;P03;1;450,00;18.01.2026
ORD-5135;C1003;P04;2;6.400,00;19.01.2026
ORD-5136;C1008;P04;6;19.200,00;02.03.2026
ORD-5137;C1008;P01;2;1.780,00;16.07.2026
ORD-5138;C1001;P02;3;3.750,00;10.10.2026
ORD-5139;C1004;P01;7;6.230,00;20.10.2026
ORD-5140;C1004;P05;7;2.240,00;15.08.2026
ORD-5141;C1010;P04;5;16.000,00;20.10.2026
ORD-5142;C1002;P02;4;5.000,00;22.05.2026
ORD-5143;C1004;P02;2;2.500,00;01.03.2026
ORD-5144;C1010;P04;5;16.000,00;08.01.2026
ORD-5145;C1005;P04;2;6.400,00;08.11.2026
ORD-5146;C1010;P02;7;8.750,00;18.02.2026
ORD-5147;C1003;P03;3;1.350,00;02.02.2026
ORD-5148;C1005;P05;5;1.600,00;04.08.2026
ORD-5149;C1005;P04;5;16.000,00;18.09.2026
ORD-5150;C1002;P05;1;320,00;24.07.2026
ORD-5151;C1005;P01;2;1.780,00;22.04.2026
ORD-5152;C1010;P05;1;320,00;27.11.2026
ORD-5153;C1001;P02;8;10.000,00;21.09.2026
ORD-5154;C1005;P02;7;8.750,00;27.11.2026
ORD-5155;C1002;P04;6;19.200,00;11.07.2026
ORD-5156;C1002;P02;6;7.500,00;23.07.2026
ORD-5157;C1007;P05;1;320,00;03.08.2026
ORD-5158;C1006;P01;7;6.230,00;27.09.2026
ORD-5159;C1009;P04;7;22.400,00;07.01.2026
ORD-5160;C1010;P04;8;25.600,00;07.01.2026
ORD-5161;C1003;P03;8;3.600,00;16.12.2026
ORD-5162;;P02;3;3.750,00;18.05.2026
ORD-5163;C1007;P01;4;3.560,00;15.02.2026
ORD-5164;C1003;P04;5;16.000,00;23.09.2026
ORD-5165;C1008;P04;4;12.800,00;18.08.2026
ORD-5166;C1004;P05;3;960,00;09.02.2026
ORD-5167;C1007;P03;5;2.250,00;10.01.2026
ORD-5168;C1010;P05;8;2.560,00;15.03.2026
ORD-5169;C1006;P03;7;3.150,00;11.08.2026
ORD-5170;C1004;P05;7;2.240,00;28.04.2026
ORD-5171;C1001;P03;8;3.600,00;26.12.2026
ORD-5172;C1003;P04;1;3.200,00;17.03.2026
ORD-5173;C1006;P01;8;7.120,00;17.02.2026
ORD-5174;C1001;P02;7;8.750,00;05.11.2026
ORD-5175;C1005;P03;7;3.150,00;03.11.2026
ORD-5176;C1009;P04;6;19.200,00;23.11.2026
ORD-5177;C1008;P05;1;320,00;03.10.2026
ORD-5178;C1005;P02;2;2.500,00;04.07.2026
ORD-5179;C1002;P04;3;9.600,00;10.12.2026
ORD-5180;C1001;P03;1;450,00;12.05.2026
ORD-5181;C1003;P02;7;8.750,00;22.10.2026
ORD-5182;C1003;P02;2;2.500,00;28.10.2026
ORD-5183;C1004;P04;3;9.600,00;15.04.2026
ORD-5184;C1008;P03;1;450,00;10.08.2026
ORD-5185;C1003;P01;8;7.120,00;19.06.2026
ORD-5186;C1007;P03;8;3.600,00;07.05.2026
ORD-5187;C1008;P01;4;3.560,00;19.07.2026
ORD-5188;C1005;P03;1;450,00;13.11.2026
ORD-5189;C1010;P01;8;7.120,00;25.05.2026
ORD-5190;C1010;P03;4;1.800,00;07.11.2026
ORD-5191;C1003;P01;1;890,00;26.05.2026
ORD-5192;C1010;P03;3;1.350,00;10.02.2026
ORD-5193;C1007;P02;4;5.000,00;26.03.2026
ORD-5194;C1006;P05;5;1.600,00;09.03.2026
ORD-5195;C1008;P03;6;2.700,00;15.02.2026
ORD-5196;C1003;P02;7;8.750,00;12.09.2026
ORD-5197;C1007;P01;5;4.450,00;04.09.2026
ORD-5198;C1005;P05;7;2.240,00;12.11.2026
ORD-5199;C1004;P04;1;3.200,00;18.10.2026
ORD-5200;C1010;P02;2;2.500,00;27.11.2026
ORD-5201;C1005;P04;2;6.400,00;02.03.2026
ORD-5202;C1005;P04;2;6.400,00;08.02.2026
ORD-5203;C1003;P04;8;25.600,00;22.06.2026
ORD-5204;C1009;P04;3;9.600,00;21.07.2026
ORD-5205;C1008;P05;7;2.240,00;02.05.2026
ORD-5206;C1004;P04;8;25.600,00;28.04.2026
ORD-5207;C1006;P05;6;1.920,00;13.01.2026
ORD-5208;C1002;P04;2;6.400,00;07.11.2026
ORD-5209;C1010;P01;1;890,00;08.06.2026
ORD-5210;C1010;P02;2;2.500,00;07.09.2026
ORD-5211;C1004;P03;3;1.350,00;01.10.2026
ORD-5212;C1003;P02;5;6.250,00;04.03.2026
ORD-5213;C1001;P02;1;1.250,00;26.06.2026
ORD-5214;C1010;P03;1;450,00;09.03.2026
ORD-5215;C1007;P05;2;640,00;03.12.2026
ORD-5216;C1006;P05;2;640,00;17.08.2026
ORD-5217;C1010;P01;5;4.450,00;21.08.2026
ORD-5218;C1001;P04;7;22.400,00;22.07.2026
ORD-5219;C1008;P01;2;1.780,00;20.06.2026
ORD-5220;C1003;P03;6;2.700,00;20.07.2026
ORD-5221;C1008;P05;7;2.240,00;26.02.2026
ORD-5222;C1009;P02;7;8.750,00;08.08.2026
ORD-5223;C1008;P04;7;22.400,00;04.12.2026
ORD-5224;C1006;P03;6;2.700,00;22.03.2026
ORD-5225;C1002;P01;2;1.780,00;14.02.2026
ORD-5226;C1006;P02;1;1.250,00;18.10.2026
ORD-5227;C1002;P04;6;19.200,00;25.11.2026
ORD-5228;C1001;P03;5;2.250,00;04.06.2026
ORD-5229;C1004;P02;8;10.000,00;28.04.2026
ORD-5230;C1009;P03;2;900,00;19.05.2026
ORD-5231;C1007;P05;1;320,00;22.10.2026
ORD-5232;C1005;P01;3;2.670,00;23.05.2026
ORD-5233;C1006;P03;1;450,00;28.03.2026
ORD-5234;C1007;P01;3;2.670,00;21.12.2026
ORD-5235;C1002;P05;4;1.280,00;14.07.2026
ORD-5236;C1003;P03;5;2.250,00;11.12.2026
ORD-5237;C1010;P05;2;640,00;05.01.2026
ORD-5238;C1010;P01;2;1.780,00;15.05.2026
ORD-5239;C1008;P05;8;2.560,00;09.07.2026
ORD-5240;C1009;P01;6;5.340,00;04.07.2026
ORD-5241;C1010;P04;5;16.000,00;08.01.2026
ORD-5242;C1010;P01;1;890,00;10.04.2026
ORD-5243;;P03;5;2.250,00;04.06.2026
ORD-5244;C1007;P02;3;3.750,00;18.07.2026
ORD-5245;C1009;P05;6;1.920,00;13.02.2026
ORD-5246;C1001;P04;1;3.200,00;03.08.2026
ORD-5247;C1010;P04;7;22.400,00;21.12.2026
ORD-5248;C1002;P04;1;3.200,00;06.06.2026
ORD-5249;C1010;P04;6;19.200,00;14.02.2026
ORD-5250;C1004;P04;7;22.400,00;03.09.2026
ORD-5251;C1005;P03;4;1.800,00;25.06.2026
ORD-5252;C1009;P01;4;3.560,00;12.06.2026
ORD-5253;C1003;P02;2;2.500,00;09.03.2026
ORD-5254;C1010;P02;2;2.500,00;25.03.2026
ORD-5255;C1008;P05;8;2.560,00;19.11.2026
ORD-5256;C1010;P03;6;2.700,00;15.03.2026
ORD-5257;C1008;P03;5;2.250,00;02.10.2026
ORD-5258;C1002;P03;8;3.600,00;02.08.2026
ORD-5259;C1005;P01;2;1.780,00;20.10.2026
ORD-5260;C1008;P05;1;320,00;26.08.2026
ORD-5261;C1004;P03;8;3.600,00;05.09.2026
ORD-5262;C1008;P01;6;5.340,00;03.12.2026
ORD-5263;C1003;P01;4;3.560,00;15.12.2026
ORD-5264;C1009;P05;3;960,00;12.06.2026
ORD-5265;C1007;P04;6;19.200,00;20.11.2026
ORD-5266;C1006;P01;6;5.340,00;18.02.2026
ORD-5267;C1005;P03;3;1.350,00;03.06.2026
ORD-5268;C1003;P03;5;2.250,00;23.11.2026
ORD-5269;C1003;P05;2;640,00;18.05.2026
ORD-5270;C1006;P02;2;2.500,00;22.11.2026
ORD-5271;C1006;P01;6;5.340,00;06.05.2026
ORD-5272;C1006;P04;4;12.800,00;05.04.2026
ORD-5273;C1005;P01;1;890,00;11.11.2026
ORD-5274;C1010;P02;7;8.750,00;06.03.2026
ORD-5275;C1010;P02;8;10.000,00;14.01.2026
ORD-5276;C1004;P04;5;16.000,00;26.12.2026
ORD-5277;C1009;P02;5;6.250,00;27.08.2026
ORD-5278;C1010;P04;8;25.600,00;25.05.2026
ORD-5279;C1009;P04;3;9.600,00;26.04.2026
ORD-5280;C1005;P01;8;7.120,00;18.06.2026
ORD-5281;C1009;P01;5;4.450,00;25.02.2026
ORD-5282;C1008;P05;3;960,00;03.07.2026
ORD-5283;C1004;P04;6;19.200,00;14.01.2026
ORD-5284;C1009;P03;4;1.800,00;03.07.2026
ORD-5285;C1001;P03;2;900,00;21.12.2026
ORD-5286;C1003;P02;1;1.250,00;27.05.2026
ORD-5287;C1003;P04;8;25.600,00;01.10.2026
ORD-5288;C1001;P03;4;1.800,00;18.03.2026
ORD-5289;C1010;P05;7;2.240,00;25.02.2026
ORD-5290;C1005;P01;1;890,00;14.04.2026
ORD-5291;C1010;P04;2;6.400,00;27.02.2026
ORD-5292;C1010;P05;1;320,00;17.11.2026
ORD-5293;C1003;P03;7;3.150,00;20.01.2026
ORD-5294;C1010;P04;3;9.600,00;22.11.2026
ORD-5295;C1006;P01;1;890,00;28.07.2026
ORD-5296;C1007;P03;5;2.250,00;01.12.2026
ORD-5297;C1002;P03;4;1.800,00;22.12.2026
ORD-5298;C1010;P03;3;1.350,00;12.01.2026
ORD-5299;C1003;P04;8;25.600,00;06.11.2026
ORD-5300;C1002;P04;1;3.200,00;07.05.2026
ORD-5301;C1004;P01;6;5.340,00;17.05.2026
ORD-5302;C1009;P04;5;16.000,00;25.01.2026
ORD-5303;C1005;P03;1;450,00;11.11.2026
ORD-5304;C1006;P04;7;22.400,00;15.12.2026
ORD-5305;C1007;P03;3;1.350,00;23.08.2026
ORD-5306;C1009;P03;2;900,00;14.12.2026
ORD-5307;C1010;P02;5;6.250,00;04.06.2026
ORD-5308;C1005;P03;8;3.600,00;23.10.2026
ORD-5309;C1008;P03;8;3.600,00;24.01.2026
ORD-5310;C1006;P05;7;2.240,00;21.05.2026
ORD-5311;C1001;P01;7;6.230,00;17.06.2026
ORD-5312;C1003;P01;3;2.670,00;22.10.2026
ORD-5313;C1001;P02;2;2.500,00;25.04.2026
ORD-5314;C1006;P04;1;3.200,00;05.10.2026
ORD-5315;C1006;P03;8;3.600,00;19.02.2026
ORD-5316;C1006;P04;6;19.200,00;09.11.2026
ORD-5317;C1002;P01;3;2.670,00;17.08.2026
ORD-5318;C1009;P01;5;4.450,00;23.05.2026
ORD-5319;C1010;P03;8;3.600,00;04.04.2026
ORD-5320;C1002;P04;3;9.600,00;15.12.2026
ORD-5321;C1006;P03;2;900,00;18.09.2026
ORD-5322;C1005;P02;3;3.750,00;17.06.2026
ORD-5323;C1004;P02;4;5.000,00;01.08.2026
ORD-5324;C1010;P03;8;3.600,00;05.09.2026
ORD-5325;C1002;P01;5;4.450,00;23.07.2026
ORD-5326;C1009;P04;7;22.400,00;03.10.2026
ORD-5327;C1006;P01;8;7.120,00;22.08.2026
ORD-5328;C1003;P05;3;960,00;14.03.2026
ORD-5329;C1001;P01;3;2.670,00;06.05.2026
ORD-5330;C1004;P03;5;2.250,00;09.02.2026
ORD-5331;C1009;P03;3;1.350,00;10.11.2026
ORD-5332;C1002;P05;3;960,00;19.10.2026
ORD-5333;C1010;P05;6;1.920,00;02.10.2026
ORD-5334;C1001;P01;1;890,00;25.11.2026
ORD-5335;C1004;P05;7;2.240,00;21.10.2026
ORD-5336;C1009;P03;5;2.250,00;08.08.2026
ORD-5337;C1007;P03;8;3.600,00;23.02.2026
ORD-5338;C1008;P04;8;25.600,00;07.08.2026
ORD-5339;C1003;P03;6;2.700,00;28.12.2026
ORD-5340;C1007;P02;6;7.500,00;18.09.2026
ORD-5341;C1004;P04;2;6.400,00;15.05.2026
ORD-5342;C1002;P01;5;4.450,00;28.07.2026
ORD-5343;C1004;P02;6;7.500,00;24.10.2026
ORD-5344;C1003;P04;8;25.600,00;10.08.2026
ORD-5345;C1002;P04;8;25.600,00;07.04.2026
ORD-5346;C1001;P01;5;4.450,00;20.08.2026
ORD-5347;C1008;P03;1;450,00;14.02.2026
ORD-5348;C1005;P03;7;3.150,00;02.06.2026
ORD-5349;C1010;P05;4;1.280,00;18.06.2026
ORD-5350;C1007;P05;8;2.560,00;09.09.2026
ORD-5351;C1010;P05;2;640,00;04.03.2026
ORD-5352;C1006;P05;6;1.920,00;07.03.2026
ORD-5353;C1007;P05;1;320,00;02.01.2026
ORD-5354;C1006;P04;8;25.600,00;20.03.2026
ORD-5355;C1003;P03;6;2.700,00;13.03.2026
ORD-5356;C1005;P05;6;1.920,00;27.09.2026
ORD-5357;;P05;5;1.600,00;27.08.2026
ORD-5358;C1006;P01;7;6.230,00;10.10.2026
ORD-5359;C1001;P05;8;2.560,00;21.05.2026
ORD-5360;C1010;P05;4;1.280,00;02.12.2026
ORD-5361;C1003;P05;7;2.240,00;27.03.2026
ORD-5362;C1001;P05;2;640,00;01.04.2026
ORD-5363;C1007;P02;7;8.750,00;07.12.2026
ORD-5364;C1010;P04;1;3.200,00;05.12.2026
ORD-5365;C1009;P03;8;3.600,00;13.09.2026
ORD-5366;C1003;P04;6;19.200,00;12.09.2026
ORD-5367;C1005;P05;8;2.560,00;08.04.2026
ORD-5368;C1005;P02;5;6.250,00;23.05.2026
ORD-5369;C1008;P03;8;3.600,00;18.06.2026
ORD-5370;C1005;P03;2;900,00;22.10.2026
ORD-5371;C1007;P03;3;1.350,00;02.05.2026
ORD-5372;C1002;P03;8;3.600,00;09.11.2026
ORD-5373;C1004;P02;5;6.250,00;23.09.2026
ORD-5374;C1002;P05;4;1.280,00;02.04.2026
ORD-5375;C1009;P02;4;5.000,00;04.01.2026
ORD-5376;C1008;P01;3;2.670,00;18.01.2026
ORD-5377;C1003;P04;8;25.600,00;21.08.2026
ORD-5378;C1005;P03;5;2.250,00;02.11.2026
ORD-5379;C1002;P05;4;1.280,00;24.09.2026
ORD-5380;C1001;P02;7;8.750,00;02.03.2026
ORD-5381;C1007;P04;3;9.600,00;28.12.2026
ORD-5382;C1001;P01;5;4.450,00;20.10.2026
ORD-5383;C1006;P03;8;3.600,00;18.11.2026
ORD-5384;C1003;P05;8;2.560,00;07.05.2026
ORD-5385;C1006;P02;8;10.000,00;09.11.2026
ORD-5386;C1001;P03;5;2.250,00;22.10.2026
ORD-5387;C1003;P05;7;2.240,00;17.07.2026
ORD-5388;C1007;P01;3;2.670,00;16.03.2026
ORD-5389;C1004;P01;5;4.450,00;08.07.2026
ORD-5390;C1005;P03;5;2.250,00;24.10.2026
ORD-5391;C1005;P03;4;1.800,00;22.01.2026
ORD-5392;C1005;P02;7;8.750,00;17.11.2026
ORD-5393;C1005;P01;5;4.450,00;20.06.2026
ORD-5394;C1003;P04;3;9.600,00;24.08.2026
ORD-5395;C1006;P04;8;25.600,00;26.09.2026
ORD-5396;C1004;P02;2;2.500,00;15.09.2026
ORD-5397;C1006;P01;2;1.780,00;27.01.2026
ORD-5398;C1009;P02;3;3.750,00;11.03.2026
ORD-5399;C1008;P01;4;3.560,00;19.12.2026
ORD-5400;C1009;P04;1;3.200,00;05.08.2026
ORD-5234;C1007;P01;3;2.670,00;21.12.2026
ORD-5289;C1010;P05;7;2.240,00;25.02.2026
ORD-5030;C1003;P03;7;3.150,00;18.04.2026
ORD-5287;C1003;P04;8;25.600,00;01.10.2026
ORD-5237;C1010;P05;2;640,00;05.01.2026
ORD-5345;C1002;P04;8;25.600,00;07.04.2026
ORD-5158;C1006;P01;7;6.230,00;27.09.2026
ORD-5371;C1007;P03;3;1.350,00;02.05.2026
ORD-5012;C1005;P01;3;2.670,00;24.09.2026
ORD-5203;C1003;P04;8;25.600,00;22.06.2026
ORD-5131;C1002;P05;3;960,00;07.04.2026
ORD-5002;C1002;P05;2;640,00;14.10.2026
ORD-5382;C1001;P01;5;4.450,00;20.10.2026
ORD-5112;C1004;P04;5;16.000,00;06.06.2026
ORD-5297;C1002;P03;4;1.800,00;22.12.2026
